state,year,month,make,model,body,odometer,sellingprice,saledate,CPI
GA,2014,1,BMW,A4,Coupe,64517,34099,Wed Jan 21,247.679
GA,2014,1,Toyota,3 Series,Truck,78957,23144,Fri Jan 2,247.679
GA,2014,1,Audi,3 Series,SUV,8278,54693,Fri Jan 8,247.679
GA,2014,1,Audi,3 Series,Coupe,74152,35931,Thu Jan 27,247.679
GA,2014,3,BMW,A4,SUV,50902,48076,Tue Mar 15,249.591
GA,2014,3,Kia,Accord,Truck,22523,29909,Wed Mar 22,249.591
GA,2014,3,BMW,Accord,Sedan,64519,35945,Thu Mar 12,249.591
GA,2014,3,Chevrolet,Sorento,Coupe,37182,24888,Thu Mar 22,249.591
GA,2014,3,BMW,F-150,Coupe,73666,32861,Sun Mar 27,249.591
GA,2014,3,Chevrolet,A4,Coupe,7983,28303,Fri Mar 1,249.591
GA,2014,5,BMW,Accord,Sedan,73230,36218,Fri May 7,250.443
GA,2014,5,Kia,F-150,SUV,67290,26107,Mon May 25,250.443
GA,2014,5,BMW,A4,Sedan,30976,36455,Fri May 24,250.443
GA,2014,5,Honda,Camry,Coupe,36641,25018,Wed May 1,250.443
GA,2014,5,Kia,Camry,Coupe,21917,26744,Wed May 7,250.443
GA,2014,5,Ford,A4,Sedan,64256,21780,Mon May 20,250.443
GA,2014,5,Honda,F-150,Coupe,46363,23878,Tue May 11,250.443
GA,2014,7,Toyota,3 Series,Truck,30159,30511,Tue Jul 23,250.326
GA,2014,7,Ford,3 Series,SUV,26119,29993,Thu Jul 25,250.326
GA,2014,7,Chevrolet,3 Series,Sedan,76866,20294,Sat Jul 9,250.326
GA,2014,9,Toyota,3 Series,Sedan,37508,24931,Sun Sep 26,250.634
GA,2014,9,Kia,Accord,Truck,65816,26605,Sat Sep 12,250.634
GA,2014,9,Audi,Accord,SUV,31276,43977,Mon Sep 20,250.634
GA,2014,9,BMW,Camry,Sedan,41168,34715,Fri Sep 11,250.634
GA,2014,9,BMW,Accord,Coupe,42612,37117,Mon Sep 7,250.634
GA,2014,9,BMW,Sorento,Sedan,66605,36200,Wed Sep 20,250.634
GA,2014,9,BMW,Accord,SUV,75326,42154,Wed Sep 3,250.634
GA,2014,11,Honda,Sorento,Sedan,66123,21529,Wed Nov 20,249.972
GA,2014,11,BMW,Camry,Truck,70841,38680,Sat Nov 11,249.972
GA,2014,11,Honda,A4,Coupe,60987,22131,Tue Nov 18,249.972
GA,2014,11,Honda,Camry,SUV,19419,34826,Thu Nov 23,249.972
GA,2014,11,Toyota,3 Series,SUV,48490,26250,Thu Nov 11,249.972
GA,2014,11,Toyota,Accord,Sedan,9387,28172,Wed Nov 5,249.972
GA,2015,1,Ford,3 Series,Sedan,59667,22089,Fri Jan 10,247.127
GA,2015,1,Honda,3 Series,SUV,37945,27188,Tue Jan 26,247.127
GA,2015,1,Chevrolet,Accord,SUV,54024,25591,Sun Jan 16,247.127
GA,2015,1,BMW,Silverado,Sedan,52539,33654,Sun Jan 26,247.127
GA,2015,1,Kia,Accord,Truck,35017,27922,Sun Jan 16,247.127
GA,2015,3,Audi,3 Series,Sedan,32057,39134,Wed Mar 11,249.985
GA,2015,3,Toyota,Camry,Coupe,22981,26582,Wed Mar 13,249.985
GA,2015,3,Honda,Silverado,SUV,60257,27225,Thu Mar 8,249.985
GA,2015,3,Toyota,Camry,Coupe,48381,23607,Wed Mar 22,249.985
GA,2015,5,BMW,3 Series,Coupe,52513,34628,Mon May 6,251.825
GA,2015,5,Kia,Silverado,Coupe,42259,24463,Thu May 3,251.825
GA,2015,5,Ford,F-150,SUV,12600,33217,Wed May 8,251.825
GA,2015,5,Kia,F-150,Sedan,48077,23778,Sat May 16,251.825
GA,2015,5,Toyota,Accord,Truck,58554,26523,Thu May 20,251.825
GA,2015,5,Kia,Camry,SUV,58246,28130,Tue May 9,251.825
GA,2015,7,Ford,A4,Coupe,68137,21361,Tue Jul 16,250.992
GA,2015,7,Kia,Sorento,Coupe,49429,23558,Sat Jul 12,250.992
GA,2015,7,Ford,Camry,Coupe,67373,21450,Thu Jul 25,250.992
GA,2015,7,Honda,Silverado,Coupe,42179,24410,Mon Jul 11,250.992
GA,2015,7,Ford,F-150,Sedan,42593,24361,Mon Jul 9,250.992
GA,2015,7,Chevrolet,Sorento,Sedan,37605,24947,Sun Jul 14,250.992
GA,2015,9,Chevrolet,Silverado,Coupe,43315,24380,Thu Sep 24,252.376
GA,2015,9,Kia,Camry,SUV,24105,31304,Thu Sep 11,252.376
GA,2015,9,Kia,A4,Coupe,59341,22490,Wed Sep 19,252.376
GA,2015,9,BMW,3 Series,Coupe,70456,32332,Tue Sep 25,252.376
GA,2015,11,BMW,Sorento,SUV,43698,49788,Mon Nov 11,251.327
GA,2015,11,Ford,Silverado,Coupe,73528,20749,Wed Nov 24,251.327
GA,2015,11,Toyota,A4,Coupe,22545,26743,Wed Nov 12,251.327
GA,2016,1,BMW,A4,SUV,42580,45349,Fri Jan 5,250.807
GA,2016,1,Toyota,Sorento,SUV,76606,25700,Thu Jan 7,250.807
GA,2016,1,Audi,F-150,Truck,12346,47093,Mon Jan 13,250.807
GA,2016,1,Chevrolet,A4,Truck,79494,24855,Thu Jan 21,250.807
GA,2016,1,Ford,Sorento,Sedan,13966,27707,Wed Jan 6,250.807
GA,2016,1,Toyota,A4,Truck,7917,32072,Mon Jan 4,250.807
GA,2016,3,Toyota,Camry,SUV,17404,34338,Tue Mar 7,252.718
GA,2016,3,Audi,3 Series,SUV,24110,54468,Tue Mar 27,252.718
GA,2016,3,Kia,Camry,Truck,47967,30790,Sun Mar 3,252.718
GA,2016,3,Audi,Sorento,Coupe,72295,31527,Mon Mar 9,252.718
GA,2016,3,Kia,Silverado,SUV,26939,32719,Thu Mar 8,252.718
GA,2016,5,Honda,F-150,Coupe,71983,21158,Mon May 21,254.85
GA,2016,5,Audi,Accord,Truck,24740,54375,Mon May 5,254.85
GA,2016,5,Honda,A4,Sedan,56474,23001,Fri May 3,254.85
GA,2016,5,Toyota,A4,Truck,66646,26905,Thu May 3,254.85
GA,2016,5,Toyota,F-150,SUV,54310,27004,Sun May 12,254.85
GA,2016,7,Audi,3 Series,Truck,79334,37448,Wed Jul 11,254.305
GA,2016,7,Audi,Sorento,Sedan,20322,45318,Wed Jul 11,254.305
GA,2016,7,Toyota,Silverado,Coupe,28949,26229,Mon Jul 16,254.305
GA,2016,7,Chevrolet,F-150,Sedan,77314,20490,Mon Jul 8,254.305
GA,2016,7,Toyota,3 Series,Truck,35563,29164,Thu Jul 22,254.305
GA,2016,9,BMW,3 Series,SUV,53829,38561,Sun Sep 20,253.513
GA,2016,9,Toyota,Sorento,Coupe,16953,27586,Thu Sep 13,253.513
GA,2016,9,Kia,Sorento,Sedan,44250,24355,Tue Sep 5,253.513
GA,2016,9,Audi,Silverado,Sedan,52640,39367,Mon Sep 11,253.513
GA,2016,9,Ford,A4,Sedan,69318,21387,Mon Sep 9,253.513
GA,2016,9,Honda,Silverado,SUV,49624,27818,Wed Sep 5,253.513
GA,2016,11,Ford,A4,SUV,48934,29352,Mon Nov 8,253.989
GA,2016,11,Audi,A4,Sedan,55419,40378,Thu Nov 10,253.989
GA,2016,11,BMW,Silverado,Sedan,78189,31430,Sun Nov 20,253.989
GA,2016,11,Toyota,Accord,Sedan,11305,28295,Thu Nov 5,253.989
GA,2016,11,Honda,A4,SUV,68327,26368,Tue Nov 3,253.989
GA,2016,11,Chevrolet,Silverado,SUV,63936,24433,Sat Nov 16,253.989
GA,2016,11,Toyota,3 Series,SUV,40744,29245,Fri Nov 23,253.989
GA,2017,1,Toyota,3 Series,Truck,30921,33709,Thu Jan 20,254.495
GA,2017,1,Audi,F-150,Truck,31869,55504,Wed Jan 22,254.495
GA,2017,1,Audi,3 Series,SUV,21286,50733,Fri Jan 13,254.495
GA,2017,1,Ford,A4,Coupe,24827,26734,Wed Jan 16,254.495
GA,2017,3,Chevrolet,F-150,Coupe,76754,20628,Wed Mar 18,255.435
GA,2017,3,Honda,Camry,Sedan,61982,22387,Tue Mar 15,255.435
GA,2017,3,BMW,F-150,Truck,28663,43984,Fri Mar 23,255.435
GA,2017,5,Toyota,Accord,Truck,14537,32718,Thu May 21,255.502
GA,2017,5,Kia,Sorento,SUV,24507,33224,Thu May 27,255.502
GA,2017,5,Kia,Accord,Truck,78816,24153,Fri May 16,255.502
GA,2017,5,Honda,Camry,Truck,36902,32111,Sun May 14,255.502
GA,2017,5,BMW,Accord,Coupe,25602,43976,Thu May 2,255.502
GA,2017,5,Kia,F-150,SUV,74609,26901,Tue May 5,255.502
GA,2017,7,Kia,A4,Truck,46116,30117,Mon Jul 13,255.518
GA,2017,7,BMW,Silverado,Truck,31557,45654,Sun Jul 8,255.518
GA,2017,7,Chevrolet,Camry,Sedan,75102,20830,Wed Jul 12,255.518
GA,2017,7,Chevrolet,Silverado,SUV,75002,25066,Thu Jul 24,255.518
GA,2017,9,BMW,Accord,SUV,38878,51251,Fri Sep 6,257.816
GA,2017,9,Chevrolet,Camry,Truck,25513,32753,Sun Sep 6,257.816
GA,2017,9,BMW,Sorento,Sedan,53778,35353,Sat Sep 17,257.816
GA,2017,9,Ford,Camry,Truck,31585,31439,Tue Sep 5,257.816
GA,2017,9,Chevrolet,3 Series,Truck,47587,30234,Tue Sep 13,257.816
GA,2017,11,Audi,3 Series,SUV,74252,41080,Thu Nov 10,257.872
GA,2017,11,Chevrolet,3 Series,Sedan,79964,20396,Mon Nov 8,257.872
GA,2017,11,Chevrolet,F-150,SUV,6485,37855,Fri Nov 27,257.872
GA,2017,11,BMW,F-150,SUV,39705,52173,Thu Nov 1,257.872
GA,2017,11,BMW,Silverado,Coupe,21126,42190,Wed Nov 6,257.872
GA,2017,11,Kia,F-150,SUV,64952,27969,Fri Nov 7,257.872
GA,2017,11,BMW,Sorento,Truck,65283,43857,Fri Nov 14,257.872
GA,2018,1,Audi,F-150,Truck,54683,42839,Fri Jan 11,260.219
GA,2018,1,BMW,Accord,Truck,29810,50446,Thu Jan 25,260.219
GA,2018,1,Toyota,3 Series,SUV,12597,31880,Sat Jan 15,260.219
GA,2018,1,Chevrolet,F-150,Coupe,9802,29016,Mon Jan 15,260.219
GA,2018,1,Honda,Sorento,SUV,68362,26705,Tue Jan 21,260.219
GA,2018,1,BMW,F-150,Sedan,35537,45192,Tue Jan 11,260.219
GA,2018,3,Toyota,Camry,SUV,48339,30739,Sat Mar 18,260.026
GA,2018,3,Honda,Silverado,SUV,79676,24068,Tue Mar 12,260.026
GA,2018,3,Chevrolet,F-150,Truck,62866,25916,Mon Mar 27,260.026
GA,2018,3,Ford,Camry,SUV,36590,31734,Mon Mar 20,260.026
GA,2018,3,Kia,Camry,Sedan,77874,20781,Mon Mar 25,260.026
GA,2018,3,Ford,Accord,Truck,24726,30562,Tue Mar 26,260.026
GA,2018,3,Kia,A4,Sedan,11416,28805,Tue Mar 19,260.026
GA,2018,5,Toyota,Accord,Truck,17991,32474,Mon May 7,261.77
GA,2018,5,Toyota,Camry,SUV,42305,29702,Wed May 17,261.77
GA,2018,5,Audi,F-150,Coupe,67351,31682,Thu May 9,261.77
GA,2018,5,Kia,A4,Truck,5962,36366,Wed May 20,261.77
GA,2018,7,Toyota,F-150,Coupe,69815,21884,Sun Jul 24,262.016
GA,2018,7,Audi,Accord,Coupe,54686,40564,Sun Jul 24,262.016
GA,2018,7,BMW,F-150,Truck,10485,59311,Sun Jul 7,262.016
GA,2018,7,Kia,Sorento,Truck,51638,28567,Tue Jul 14,262.016
GA,2018,7,BMW,F-150,Truck,49459,52698,Tue Jul 18,262.016
GA,2018,7,Chevrolet,Accord,Sedan,16361,28376,Sat Jul 13,262.016
GA,2018,7,Ford,Sorento,SUV,61197,27163,Mon Jul 19,262.016
GA,2018,9,Ford,Sorento,Truck,50236,26914,Sun Sep 15,263.056
GA,2018,9,Kia,3 Series,Coupe,55938,23643,Mon Sep 26,263.056
GA,2018,9,BMW,Sorento,Sedan,76322,35304,Thu Sep 17,263.056
GA,2018,9,Kia,A4,Sedan,46801,24756,Sun Sep 11,263.056
GA,2018,9,BMW,Camry,Sedan,24632,42778,Sat Sep 11,263.056
GA,2018,11,Audi,3 Series,Coupe,75352,34680,Wed Nov 21,261.12
GA,2018,11,Toyota,Silverado,Truck,42334,28126,Wed Nov 20,261.12
GA,2018,11,Ford,Sorento,SUV,75051,27225,Sat Nov 6,261.12
GA,2018,11,Toyota,Camry,Truck,8156,32358,Tue Nov 17,261.12
GA,2018,11,Chevrolet,F-150,Sedan,55148,23602,Wed Nov 2,261.12
GA,2018,11,Chevrolet,Accord,Sedan,79393,20665,Wed Nov 9,261.12
NC,2014,1,Kia,A4,Coupe,23892,24288,Fri Jan 3,216.291
NC,2014,1,Toyota,Silverado,SUV,48406,24312,Sat Jan 14,216.291
NC,2014,1,Toyota,A4,Sedan,49534,21533,Tue Jan 10,216.291
NC,2014,1,Chevrolet,Accord,Coupe,71759,19146,Fri Jan 18,216.291
NC,2014,3,Kia,F-150,Coupe,33990,23422,Mon Mar 19,218.715
NC,2014,3,BMW,F-150,SUV,69397,39377,Wed Mar 10,218.715
NC,2014,3,Audi,A4,Coupe,47784,30760,Mon Mar 11,218.715
NC,2014,3,Toyota,3 Series,Coupe,41563,22601,Wed Mar 17,218.715
NC,2014,5,Kia,Accord,Truck,76045,22275,Mon May 11,219.59
NC,2014,5,Ford,Sorento,Coupe,26883,24275,Sun May 14,219.59
NC,2014,5,Audi,Sorento,Truck,35506,49683,Wed May 14,219.59
NC,2014,5,Kia,Silverado,Coupe,31289,23795,Fri May 7,219.59
NC,2014,5,Kia,3 Series,Sedan,56676,21033,Sat May 15,219.59
NC,2014,5,Toyota,F-150,Truck,15091,29185,Fri May 10,219.59
NC,2014,7,BMW,Camry,SUV,45283,36676,Tue Jul 18,219.543
NC,2014,7,Chevrolet,3 Series,Coupe,72580,19299,Tue Jul 11,219.543
NC,2014,7,Kia,Sorento,Truck,38811,27455,Wed Jul 13,219.543
NC,2014,7,BMW,Camry,Truck,79415,28987,Mon Jul 25,219.543
NC,2014,7,Audi,Sorento,Sedan,53370,38451,Mon Jul 10,219.543
NC,2014,9,Audi,F-150,Coupe,71413,34183,Wed Sep 22,219.38
NC,2014,9,Honda,3 Series,SUV,8950,30246,Sat Sep 21,219.38
NC,2014,9,Honda,Silverado,SUV,20737,31995,Tue Sep 26,219.38
NC,2014,9,Honda,Accord,Coupe,44843,22303,Sun Sep 6,219.38
NC,2014,9,Audi,Sorento,Sedan,6820,38684,Sun Sep 12,219.38
NC,2014,9,Honda,Camry,SUV,36194,28052,Sun Sep 6,219.38
NC,2014,11,Audi,A4,SUV,22695,52433,Wed Nov 14,217.188
NC,2014,11,Ford,Sorento,Sedan,48723,21696,Thu Nov 23,217.188
NC,2014,11,Toyota,Silverado,Coupe,7811,26106,Mon Nov 22,217.188
NC,2014,11,Audi,Silverado,Truck,54621,37608,Mon Nov 12,217.188
NC,2014,11,Ford,Camry,Sedan,59996,20481,Mon Nov 11,217.188
NC,2015,1,Ford,Sorento,Coupe,9384,25706,Fri Jan 24,214.899
NC,2015,1,Kia,3 Series,SUV,30846,29886,Tue Jan 18,214.899
NC,2015,1,Toyota,F-150,Sedan,78472,18325,Sat Jan 2,214.899
NC,2015,1,BMW,Accord,Sedan,42170,39093,Wed Jan 21,214.899
NC,2015,1,Ford,Accord,SUV,67472,22023,Wed Jan 19,214.899
NC,2015,1,Toyota,A4,SUV,13084,30180,Sun Jan 7,214.899
NC,2015,1,BMW,3 Series,Truck,5049,44218,Mon Jan 7,214.899
NC,2015,3,Toyota,A4,SUV,77669,22510,Wed Mar 26,217.487
NC,2015,3,Audi,Silverado,SUV,50137,38705,Sat Mar 23,217.487
NC,2015,3,Audi,A4,SUV,13613,45817,Sun Mar 18,217.487
NC,2015,3,Audi,3 Series,Truck,45118,43362,Thu Mar 26,217.487
NC,2015,5,BMW,Sorento,Sedan,77941,28717,Fri May 7,218.484
NC,2015,5,Honda,Camry,Truck,31930,27643,Thu May 5,218.484
NC,2015,5,Chevrolet,3 Series,Truck,44639,26320,Sun May 23,218.484
NC,2015,5,Ford,Accord,SUV,64769,25409,Sat May 25,218.484
NC,2015,5,Audi,Silverado,Coupe,22841,35327,Sat May 2,218.484
NC,2015,5,BMW,3 Series,SUV,77699,36499,Thu May 6,218.484
NC,2015,7,Ford,3 Series,Sedan,46201,22095,Wed Jul 16,218.676
NC,2015,7,Ford,Accord,Truck,71252,21457,Sun Jul 22,218.676
NC,2015,7,BMW,Camry,Coupe,22325,38940,Wed Jul 9,218.676
NC,2015,9,Honda,Sorento,Sedan,57083,20821,Mon Sep 8,217.507
NC,2015,9,Toyota,Camry,Coupe,18192,25018,Tue Sep 23,217.507
NC,2015,9,Chevrolet,Camry,Truck,76285,21923,Fri Sep 19,217.507
NC,2015,9,Ford,Silverado,SUV,79956,22157,Fri Sep 13,217.507
NC,2015,9,Kia,A4,Truck,26883,28974,Sat Sep 11,217.507
NC,2015,11,BMW,Accord,Sedan,6466,36792,Fri Nov 27,217.104
NC,2015,11,Kia,Accord,Coupe,19565,24831,Thu Nov 14,217.104
NC,2015,11,Honda,Accord,SUV,36332,27175,Fri Nov 10,217.104
NC,2015,11,Audi,3 Series,SUV,8406,44807,Sun Nov 3,217.104
NC,2015,11,Kia,3 Series,Coupe,73338,19036,Thu Nov 9,217.104
NC,2016,1,Chevrolet,Sorento,Truck,24407,28267,Wed Jan 21,217.164
NC,2016,1,BMW,Accord,Truck,17567,46518,Thu Jan 22,217.164
NC,2016,1,Chevrolet,Camry,Coupe,35009,23172,Sun Jan 27,217.164
NC,2016,1,Toyota,F-150,Sedan,26130,24129,Sat Jan 25,217.164
NC,2016,1,Ford,A4,Truck,61695,23537,Tue Jan 26,217.164
NC,2016,1,Toyota,Accord,Truck,64573,25327,Fri Jan 3,217.164
NC,2016,1,BMW,Silverado,Coupe,18844,35336,Tue Jan 4,217.164
NC,2016,3,Honda,F-150,Coupe,53374,21334,Fri Mar 25,218.877
NC,2016,3,Honda,F-150,Sedan,57608,20874,Sat Mar 6,218.877
NC,2016,3,Chevrolet,3 Series,SUV,29621,27679,Mon Mar 9,218.877
NC,2016,5,Honda,Accord,Truck,6481,31714,Thu May 4,220.717
NC,2016,5,Kia,F-150,Truck,53637,24568,Tue May 2,220.717
NC,2016,5,Toyota,A4,Coupe,30640,23969,Wed May 8,220.717
NC,2016,5,Honda,Camry,Sedan,23513,24748,Fri May 10,220.717
NC,2016,5,BMW,Camry,Coupe,71718,33548,Tue May 13,220.717
NC,2016,7,BMW,Accord,Sedan,37066,36635,Sun Jul 5,221.507
NC,2016,7,BMW,A4,Coupe,13864,40223,Mon Jul 10,221.507
NC,2016,7,Chevrolet,A4,Truck,52429,23951,Wed Jul 4,221.507
NC,2016,7,Toyota,Accord,Coupe,20397,25165,Thu Jul 5,221.507
NC,2016,9,Kia,Silverado,Truck,76469,22531,Fri Sep 5,221.923
NC,2016,9,Ford,Camry,SUV,57221,26465,Wed Sep 10,221.923
NC,2016,9,Chevrolet,3 Series,Coupe,61624,20679,Wed Sep 15,221.923
NC,2016,9,Honda,Sorento,Sedan,45308,22470,Sun Sep 8,221.923
NC,2016,9,BMW,Camry,Coupe,71856,34688,Fri Sep 15,221.923
NC,2016,11,Audi,Camry,Sedan,67238,29537,Sat Nov 14,222.259
NC,2016,11,Chevrolet,Silverado,Coupe,78697,18829,Thu Nov 19,222.259
NC,2016,11,Honda,F-150,Sedan,76880,19029,Wed Nov 25,222.259
NC,2016,11,BMW,Sorento,Sedan,42042,34367,Mon Nov 3,222.259
NC,2017,1,Honda,3 Series,Coupe,47111,22371,Sat Jan 12,223.082
NC,2017,1,Ford,Sorento,Sedan,50482,21999,Sun Jan 7,223.082
NC,2017,1,Kia,Sorento,Sedan,56594,21325,Wed Jan 10,223.082
NC,2017,1,BMW,A4,Sedan,10817,41137,Tue Jan 12,223.082
NC,2017,1,Honda,3 Series,Coupe,39237,23239,Sun Jan 8,223.082
NC,2017,1,Audi,A4,Sedan,60445,35097,Sun Jan 19,223.082
NC,2017,3,Chevrolet,A4,Truck,72433,23698,Thu Mar 26,223.782
NC,2017,3,Chevrolet,Camry,Sedan,54540,21609,Sat Mar 4,223.782
NC,2017,3,Toyota,Accord,Sedan,13585,26137,Sun Mar 1,223.782
NC,2017,3,Honda,Accord,Sedan,22056,25200,Fri Mar 19,223.782
NC,2017,3,Kia,Sorento,Coupe,15727,25900,Sat Mar 18,223.782
NC,2017,3,Kia,Camry,Sedan,39178,23307,Wed Mar 14,223.782
NC,2017,3,Kia,A4,Coupe,51033,21997,Fri Mar 9,223.782
NC,2017,5,Audi,Silverado,SUV,65717,44779,Fri May 16,225.264
NC,2017,5,Ford,Sorento,Truck,15383,33256,Fri May 3,225.264
NC,2017,5,Toyota,Camry,Sedan,25343,24976,Sun May 23,225.264
NC,2017,5,Honda,Accord,Coupe,26828,24811,Sun May 23,225.264
NC,2017,5,Toyota,F-150,SUV,9888,31744,Tue May 26,225.264
NC,2017,5,Audi,Silverado,Truck,39546,42301,Tue May 12,225.264
NC,2017,7,BMW,3 Series,Sedan,72022,28833,Tue Jul 7,225.613
NC,2017,7,BMW,Camry,Coupe,23197,38835,Fri Jul 27,225.613
NC,2017,7,Toyota,A4,Truck,22597,30233,Tue Jul 24,225.613
NC,2017,7,Honda,F-150,Sedan,17436,25889,Tue Jul 5,225.613
NC,2017,9,Kia,Silverado,Coupe,21964,25714,Tue Sep 10,229.056
NC,2017,9,Audi,F-150,Truck,60547,35770,Thu Sep 27,229.056
NC,2017,9,Audi,A4,Sedan,47844,35794,Fri Sep 15,229.056
NC,2017,9,Ford,Sorento,SUV,39208,28746,Wed Sep 6,229.056
NC,2017,9,Chevrolet,A4,Truck,50872,26412,Tue Sep 18,229.056
NC,2017,9,Ford,Accord,SUV,37360,28163,Fri Sep 12,229.056
NC,2017,11,Honda,F-150,Sedan,62801,21132,Sat Nov 21,229.352
NC,2017,11,Kia,3 Series,Truck,62856,25084,Fri Nov 27,229.352
NC,2017,11,Chevrolet,F-150,Sedan,5704,27578,Thu Nov 18,229.352
NC,2017,11,Toyota,F-150,SUV,12856,33415,Fri Nov 14,229.352
NC,2017,11,Ford,Accord,Truck,61631,25425,Mon Nov 14,229.352
NC,2018,1,Kia,F-150,Truck,27401,31928,Thu Jan 24,229.132
NC,2018,1,Kia,F-150,Coupe,17872,26183,Fri Jan 19,229.132
NC,2018,1,Kia,A4,Sedan,19195,26034,Tue Jan 5,229.132
NC,2018,1,Kia,Silverado,Sedan,9684,27107,Fri Jan 3,229.132
NC,2018,3,Chevrolet,Accord,Sedan,62437,21246,Fri Mar 21,230.272
NC,2018,3,Ford,A4,Coupe,48411,22835,Sat Mar 13,230.272
NC,2018,3,BMW,3 Series,Coupe,51729,38442,Wed Mar 15,230.272
NC,2018,3,Chevrolet,3 Series,Truck,75529,22412,Thu Mar 4,230.272
NC,2018,3,Toyota,3 Series,Coupe,37620,24057,Wed Mar 17,230.272
NC,2018,3,Chevrolet,Camry,Sedan,10921,27081,Wed Mar 8,230.272
NC,2018,5,Honda,Silverado,Coupe,12690,27255,Sun May 16,234.034
NC,2018,5,Ford,A4,Coupe,70899,20570,Fri May 15,234.034
NC,2018,5,BMW,A4,Coupe,67671,34876,Sat May 24,234.034
NC,2018,5,Ford,Silverado,Coupe,35084,24683,Wed May 1,234.034
NC,2018,5,Kia,Camry,Sedan,37221,24437,Thu May 20,234.034
NC,2018,7,Toyota,Camry,Coupe,59612,21829,Wed Jul 4,233.57
NC,2018,7,Ford,3 Series,Truck,25577,32650,Fri Jul 21,233.57
NC,2018,7,BMW,F-150,Coupe,8699,47120,Mon Jul 7,233.57
NC,2018,7,BMW,Camry,Sedan,56893,32117,Sat Jul 23,233.57
NC,2018,9,Honda,Camry,Coupe,42898,23831,Mon Sep 4,234.563
NC,2018,9,Kia,Sorento,SUV,16088,33087,Thu Sep 14,234.563
NC,2018,9,Kia,F-150,Truck,28545,31043,Tue Sep 13,234.563
NC,2018,9,Honda,Silverado,Truck,18453,33430,Sat Sep 21,234.563
NC,2018,11,BMW,3 Series,Coupe,18391,46601,Wed Nov 17,234.487
NC,2018,11,Honda,3 Series,Truck,77500,24798,Tue Nov 27,234.487
NC,2018,11,BMW,A4,Coupe,5555,49559,Fri Nov 2,234.487
NC,2018,11,Kia,Silverado,Coupe,27666,25577,Fri Nov 13,234.487
NM,2014,1,Kia,Accord,Sedan,67456,18359,Wed Jan 19,239.857
NM,2014,1,Toyota,F-150,Coupe,9559,24181,Fri Jan 5,239.857
NM,2014,1,Honda,Camry,SUV,61883,24397,Thu Jan 16,239.857
NM,2014,1,Audi,Sorento,Truck,14359,49118,Thu Jan 27,239.857
NM,2014,1,Ford,3 Series,SUV,52293,23260,Wed Jan 26,239.857
NM,2014,1,Honda,Silverado,Sedan,66014,18504,Sun Jan 27,239.857
NM,2014,1,Audi,Silverado,Sedan,6030,37084,Mon Jan 6,239.857
NM,2014,2,Toyota,Sorento,SUV,56802,22843,Mon Feb 24,241.059
NM,2014,2,Kia,3 Series,Sedan,40275,21164,Fri Feb 12,241.059
NM,2014,2,Kia,Accord,SUV,11131,30012,Sun Feb 9,241.059
NM,2014,3,Audi,Camry,Coupe,72469,31181,Sat Mar 12,242.491
NM,2014,3,Toyota,A4,Truck,16329,26168,Mon Mar 5,242.491
NM,2014,3,Ford,Silverado,SUV,61405,23551,Thu Mar 13,242.491
NM,2014,3,Ford,Sorento,SUV,66970,21850,Sat Mar 13,242.491
NM,2014,3,Chevrolet,A4,Truck,74079,22185,Fri Mar 26,242.491
NM,2014,4,Honda,Sorento,Sedan,17821,23522,Thu Apr 15,242.437
NM,2014,4,Ford,3 Series,Sedan,31037,22183,Sat Apr 23,242.437
NM,2014,4,Ford,Accord,Coupe,25695,22724,Sun Apr 20,242.437
NM,2014,4,BMW,Sorento,Truck,42334,39960,Tue Apr 16,242.437
NM,2014,4,Honda,F-150,Coupe,34460,21836,Mon Apr 6,242.437
NM,2014,4,BMW,Camry,Coupe,62594,28875,Sun Apr 8,242.437
NM,2014,4,Toyota,A4,Sedan,22163,23082,Wed Apr 6,242.437
NM,2014,5,Honda,Accord,Truck,38623,25324,Wed May 25,243.362
NM,2014,5,Kia,A4,Coupe,62081,19088,Thu May 17,243.362
NM,2014,5,Audi,Silverado,Coupe,41636,30005,Thu May 24,243.362
NM,2014,5,Audi,F-150,Truck,35981,41488,Fri May 6,243.362
NM,2014,5,Ford,3 Series,SUV,56806,23445,Mon May 5,243.362
NM,2014,6,Kia,Silverado,SUV,29338,27240,Tue Jun 21,243.528
NM,2014,6,Honda,F-150,Coupe,58641,19446,Sat Jun 9,243.528
NM,2014,6,Chevrolet,Sorento,SUV,38022,26985,Sat Jun 16,243.528
NM,2014,7,Honda,Accord,Sedan,75211,17772,Wed Jul 11,243.727
NM,2014,7,Ford,Accord,Truck,52009,25901,Tue Jul 4,243.727
NM,2014,7,BMW,Sorento,SUV,70670,38944,Tue Jul 6,243.727
NM,2014,7,Honda,A4,SUV,48755,23260,Wed Jul 16,243.727
NM,2014,7,Audi,3 Series,Truck,75373,32122,Wed Jul 23,243.727
NM,2014,7,Toyota,3 Series,Sedan,13230,24074,Mon Jul 11,243.727
NM,2014,8,Chevrolet,F-150,SUV,20228,28146,Sat Aug 10,243.556
NM,2014,8,Audi,Silverado,Truck,47919,41231,Thu Aug 20,243.556
NM,2014,8,Audi,Silverado,Coupe,54690,30874,Sat Aug 8,243.556
NM,2014,8,Honda,Camry,Coupe,73113,17977,Wed Aug 9,243.556
NM,2014,8,Toyota,3 Series,Sedan,31536,22202,Wed Aug 10,243.556
NM,2014,8,Honda,Sorento,Sedan,32375,22117,Sat Aug 20,243.556
NM,2014,9,Toyota,Accord,Sedan,6936,24707,Mon Sep 13,243.623
NM,2014,9,BMW,Silverado,Coupe,62665,32622,Tue Sep 18,243.623
NM,2014,9,Chevrolet,A4,Truck,15633,28076,Mon Sep 2,243.623
NM,2014,9,BMW,3 Series,Sedan,19283,36554,Thu Sep 27,243.623
NM,2014,9,BMW,F-150,SUV,67278,30044,Thu Sep 14,243.623
NM,2014,9,BMW,F-150,Coupe,48635,36672,Tue Sep 4,243.623
NM,2014,10,Honda,Accord,SUV,77699,22449,Mon Oct 19,243.341
NM,2014,10,Chevrolet,Sorento,SUV,41483,24978,Sat Oct 4,243.341
NM,2014,10,Honda,Silverado,SUV,46985,23220,Fri Oct 27,243.341
NM,2014,11,Chevrolet,Sorento,Truck,14145,27094,Sun Nov 17,241.753
NM,2014,11,Audi,F-150,Coupe,19244,37991,Fri Nov 23,241.753
NM,2014,11,Ford,Accord,SUV,39124,23646,Mon Nov 2,241.753
NM,2014,12,Honda,Accord,Coupe,38227,21336,Wed Dec 2,240.475
NM,2014,12,Honda,Camry,Coupe,9106,24270,Sun Dec 20,240.475
NM,2014,12,Chevrolet,F-150,Sedan,16424,23532,Mon Dec 9,240.475
NM,2014,12,Kia,3 Series,Sedan,11238,24055,Sun Dec 11,240.475
NM,2015,1,Ford,Accord,SUV,68844,21807,Thu Jan 26,239.724
NM,2015,1,Kia,F-150,Sedan,65462,18552,Sun Jan 14,239.724
NM,2015,1,Chevrolet,Camry,Coupe,72127,17882,Sat Jan 7,239.724
NM,2015,1,Kia,Sorento,Sedan,79610,17130,Thu Jan 20,239.724
NM,2015,1,Audi,Silverado,Coupe,42790,35207,Thu Jan 20,239.724
NM,2015,1,Honda,Sorento,Truck,63061,21771,Wed Jan 8,239.724
NM,2015,2,Honda,Accord,Coupe,20920,23133,Fri Feb 8,241.297
NM,2015,2,Audi,3 Series,SUV,38211,33234,Thu Feb 16,241.297
NM,2015,2,Ford,A4,SUV,44824,26227,Sun Feb 12,241.297
NM,2015,2,BMW,F-150,Truck,59295,39936,Sat Feb 22,241.297
NM,2015,2,Audi,Camry,Truck,78607,28422,Mon Feb 24,241.297
NM,2015,2,Chevrolet,Silverado,SUV,26950,25252,Sun Feb 8,241.297
NM,2015,2,Ford,Sorento,Truck,45815,25897,Sat Feb 17,241.297
NM,2015,3,Chevrolet,Silverado,Coupe,31965,22170,Mon Mar 18,243.738
NM,2015,3,Ford,Silverado,Truck,24907,29589,Fri Mar 24,243.738
NM,2015,3,Kia,Sorento,Coupe,72249,18074,Mon Mar 19,243.738
NM,2015,3,Chevrolet,Sorento,Truck,59756,25073,Sat Mar 18,243.738
NM,2015,4,BMW,Silverado,Sedan,11054,39091,Sat Apr 27,243.569
NM,2015,4,Audi,F-150,SUV,25884,35794,Mon Apr 3,243.569
NM,2015,4,Kia,3 Series,Coupe,41093,21232,Sat Apr 23,243.569
NM,2015,4,Kia,A4,Coupe,40702,21271,Wed Apr 20,243.569
NM,2015,5,Toyota,A4,Sedan,69480,18477,Thu May 26,246.093
NM,2015,5,Kia,Silverado,SUV,56916,24936,Thu May 4,246.093
NM,2015,5,Honda,A4,Sedan,26491,22877,Fri May 15,246.093
NM,2015,5,Kia,3 Series,Coupe,37687,21731,Tue May 3,246.093
NM,2015,5,Toyota,Accord,Sedan,15316,24021,Sun May 15,246.093
NM,2015,5,BMW,A4,Sedan,19062,34145,Mon May 2,246.093
NM,2015,5,Honda,Sorento,Sedan,18903,23654,Sun May 18,246.093
NM,2015,6,Honda,F-150,SUV,51004,22504,Wed Jun 14,245.459
NM,2015,6,Kia,3 Series,Sedan,21109,23386,Mon Jun 9,245.459
NM,2015,6,Kia,Sorento,Coupe,42420,21209,Thu Jun 2,245.459
NM,2015,7,Honda,A4,Truck,24677,25483,Fri Jul 10,247.066
NM,2015,7,Chevrolet,Sorento,Sedan,71414,18329,Fri Jul 20,247.066
NM,2015,7,Audi,3 Series,Coupe,27222,39677,Wed Jul 14,247.066
NM,2015,7,Honda,Silverado,Coupe,19499,23657,Sat Jul 25,247.066
NM,2015,7,Honda,Accord,Sedan,59250,19577,Sun Jul 14,247.066
NM,2015,7,Ford,Silverado,Truck,5132,28949,Tue Jul 17,247.066
NM,2015,7,Toyota,3 Series,SUV,72373,21681,Sat Jul 7,247.066
NM,2015,8,Ford,3 Series,SUV,10638,28309,Wed Aug 10,246.328
NM,2015,8,BMW,F-150,Sedan,24455,39319,Mon Aug 14,246.328
NM,2015,8,Ford,Camry,Sedan,60378,19421,Wed Aug 15,246.328
NM,2015,9,Toyota,Silverado,SUV,23005,26917,Tue Sep 18,245.431
NM,2015,9,BMW,Silverado,Truck,34138,43835,Wed Sep 19,245.431
NM,2015,9,BMW,Camry,SUV,50120,45516,Sun Sep 5,245.431
NM,2015,9,Toyota,Silverado,Sedan,5771,24952,Fri Sep 18,245.431
NM,2015,9,Audi,F-150,Truck,62007,38342,Wed Sep 2,245.431
NM,2015,10,Chevrolet,F-150,Coupe,60477,19383,Wed Oct 6,245.812
NM,2015,10,BMW,A4,Coupe,36678,37133,Mon Oct 24,245.812
NM,2015,10,Toyota,Sorento,Truck,45714,25444,Fri Oct 24,245.812
NM,2015,11,Kia,A4,Sedan,49336,20517,Mon Nov 25,245.711
NM,2015,11,BMW,3 Series,Truck,79172,32240,Thu Nov 17,245.711
NM,2015,11,Chevrolet,3 Series,Truck,55950,24844,Sun Nov 11,245.711
NM,2015,11,Kia,Camry,Sedan,16350,23890,Tue Nov 3,245.711
NM,2015,12,Ford,Silverado,Sedan,37231,21733,Tue Dec 10,245.357
NM,2015,12,Chevrolet,F-150,Truck,59760,24891,Sun Dec 13,245.357
NM,2015,12,Chevrolet,F-150,Truck,65277,23589,Fri Dec 24,245.357
NM,2015,12,Toyota,Accord,SUV,55672,25429,Fri Dec 25,245.357
NM,2015,12,Ford,Camry,SUV,39377,27692,Tue Dec 5,245.357
NM,2015,12,Ford,Sorento,Coupe,18634,23633,Tue Dec 11,245.357
NM,2015,12,Kia,A4,Sedan,47794,20654,Tue Dec 23,245.357
NM,2016,1,Chevrolet,A4,Coupe,78504,17605,Sat Jan 12,247.155
NM,2016,1,Honda,Camry,Coupe,55226,19995,Wed Jan 12,247.155
NM,2016,1,Honda,F-150,SUV,42237,27129,Tue Jan 20,247.155
NM,2016,1,Honda,3 Series,SUV,69988,20522,Wed Jan 22,247.155
NM,2016,2,Kia,F-150,Coupe,62756,19220,Fri Feb 14,247.113
NM,2016,2,Honda,A4,SUV,6823,32336,Fri Feb 2,247.113
NM,2016,2,BMW,A4,Coupe,59824,33263,Mon Feb 1,247.113
NM,2016,2,Ford,Accord,Coupe,56323,19880,Fri Feb 4,247.113
NM,2016,2,Chevrolet,3 Series,Coupe,6690,24975,Sat Feb 17,247.113
NM,2016,2,Honda,Camry,Truck,65478,22783,Mon Feb 20,247.113
NM,2016,3,BMW,Silverado,Coupe,49310,36940,Thu Mar 26,247.873
NM,2016,3,Honda,Sorento,Coupe,6092,25089,Thu Mar 6,247.873
NM,2016,3,BMW,Sorento,Sedan,25184,37978,Tue Mar 23,247.873
NM,2016,4,Honda,Camry,SUV,68655,23669,Tue Apr 8,248.368
NM,2016,4,Kia,F-150,SUV,79593,21907,Sat Apr 6,248.368
NM,2016,4,Honda,A4,Sedan,77821,17735,Mon Apr 21,248.368
NM,2016,4,Chevrolet,Camry,Truck,54302,23116,Wed Apr 27,248.368
NM,2016,4,Honda,Accord,Truck,65541,23097,Mon Apr 7,248.368
NM,2016,4,Ford,Sorento,Coupe,71891,18346,Sun Apr 25,248.368
NM,2016,4,Toyota,F-150,Coupe,43278,21293,Mon Apr 7,248.368
NM,2016,5,Audi,F-150,Sedan,26568,40679,Wed May 7,249.554
NM,2016,5,Chevrolet,A4,Sedan,56548,19992,Sun May 16,249.554
NM,2016,5,Honda,F-150,Truck,55370,23271,Fri May 13,249.554
NM,2016,5,Toyota,Camry,Truck,73747,20166,Thu May 25,249.554
NM,2016,6,Audi,F-150,Coupe,44246,29974,Fri Jun 24,249.789
NM,2016,6,Chevrolet,Silverado,SUV,9244,29340,Mon Jun 17,249.789
NM,2016,6,Chevrolet,F-150,Truck,74006,21617,Thu Jun 24,249.789
NM,2016,6,Honda,Camry,Coupe,8719,24951,Mon Jun 16,249.789
NM,2016,6,Toyota,Sorento,Truck,15986,28805,Tue Jun 27,249.789
NM,2016,7,Kia,Camry,Sedan,31551,22590,Sat Jul 13,249.784
NM,2016,7,BMW,Accord,SUV,68901,40370,Wed Jul 27,249.784
NM,2016,7,Chevrolet,3 Series,Sedan,68730,18745,Tue Jul 24,249.784
NM,2016,7,Kia,Silverado,Truck,38181,24162,Mon Jul 10,249.784
NM,2016,8,Ford,Silverado,Truck,73282,20469,Mon Aug 26,249.7
NM,2016,8,Ford,Camry,Coupe,60660,19575,Sun Aug 21,249.7
NM,2016,8,Audi,Camry,SUV,74797,36904,Wed Aug 26,249.7
NM,2016,8,Honda,A4,Coupe,32037,22534,Sat Aug 23,249.7
NM,2016,9,Audi,Camry,Coupe,31555,38672,Mon Sep 19,250.145
NM,2016,9,BMW,A4,Truck,7976,52107,Wed Sep 19,250.145
NM,2016,9,Ford,Camry,SUV,6557,31207,Mon Sep 24,250.145
NM,2016,10,BMW,Silverado,SUV,55351,34548,Sat Oct 15,251.098
NM,2016,10,Audi,Camry,Coupe,17054,43441,Tue Oct 1,251.098
NM,2016,10,Ford,3 Series,SUV,66329,22769,Sun Oct 5,251.098
NM,2016,10,Toyota,F-150,Sedan,38803,21919,Mon Oct 11,251.098
NM,2016,10,BMW,Accord,Sedan,57554,31670,Thu Oct 12,251.098
NM,2016,10,Toyota,Camry,Truck,77682,22168,Tue Oct 16,251.098
NM,2016,10,Honda,A4,Truck,53485,26225,Thu Oct 13,251.098
NM,2016,11,Ford,3 Series,Truck,9273,30912,Sun Nov 27,250.185
NM,2016,11,BMW,Silverado,Sedan,49191,30263,Wed Nov 25,250.185
NM,2016,11,Chevrolet,A4,Coupe,39128,21830,Mon Nov 26,250.185
NM,2016,11,Ford,3 Series,Sedan,58514,19823,Fri Nov 27,250.185
NM,2016,12,Audi,F-150,Truck,26631,48203,Wed Dec 19,250.189
NM,2016,12,Toyota,Sorento,Sedan,47313,20983,Tue Dec 8,250.189
NM,2016,12,Chevrolet,F-150,SUV,17814,27410,Tue Dec 27,250.189
NM,2016,12,Honda,3 Series,Coupe,55391,20147,Wed Dec 3,250.189
NM,2016,12,Audi,Camry,Coupe,70691,29456,Tue Dec 7,250.189
NM,2016,12,Kia,Camry,Sedan,39296,21813,Sat Dec 26,250.189
NM,2016,12,Kia,Camry,Coupe,73340,18289,Fri Dec 25,250.189
NM,2017,1,Chevrolet,A4,SUV,55636,24045,Mon Jan 25,252.373
NM,2017,1,Audi,F-150,Coupe,16708,35340,Fri Jan 21,252.373
NM,2017,1,Audi,F-150,Coupe,48581,29448,Sat Jan 27,252.373
NM,2017,1,BMW,Sorento,Sedan,77843,27263,Wed Jan 2,252.373
NM,2017,1,Audi,Sorento,Coupe,38996,35446,Thu Jan 10,252.373
NM,2017,1,Honda,Accord,Coupe,41799,21684,Wed Jan 17,252.373
NM,2017,2,Chevrolet,F-150,Coupe,49550,20959,Wed Feb 12,253.815
NM,2017,2,Ford,Sorento,Truck,51065,24848,Tue Feb 18,253.815
NM,2017,2,Chevrolet,F-150,SUV,50745,23361,Sun Feb 6,253.815
NM,2017,2,Honda,A4,Coupe,46422,21286,Sat Feb 19,253.815
NM,2017,2,Honda,F-150,Sedan,58933,19978,Thu Feb 16,253.815
NM,2017,2,Chevrolet,Camry,Truck,77077,23045,Sat Feb 23,253.815
NM,2017,3,Audi,Accord,Sedan,74358,33107,Thu Mar 19,254.525
NM,2017,3,BMW,F-150,Coupe,59962,31770,Tue Mar 6,254.525
NM,2017,3,Chevrolet,A4,Coupe,36012,22418,Sun Mar 6,254.525
NM,2017,3,Kia,F-150,Sedan,19893,24107,Sun Mar 13,254.525
NM,2017,3,Audi,F-150,Sedan,14803,37698,Fri Mar 8,254.525
NM,2017,4,Audi,3 Series,Truck,13826,43608,Sun Apr 26,254.971
NM,2017,4,Audi,Accord,Truck,44834,36629,Mon Apr 17,254.971
NM,2017,4,Honda,Accord,SUV,51024,25853,Wed Apr 6,254.971
NM,2017,5,Toyota,3 Series,Coupe,20179,24153,Thu May 13,255.674
NM,2017,5,Chevrolet,3 Series,Sedan,8236,25408,Fri May 4,255.674
NM,2017,5,Honda,A4,Coupe,76268,18258,Mon May 16,255.674
NM,2017,6,Toyota,Sorento,Coupe,18848,24266,Sun Jun 17,255.275
NM,2017,6,Ford,Silverado,Coupe,30905,23000,Sun Jun 1,255.275
NM,2017,6,Ford,Accord,Sedan,59979,19948,Tue Jun 16,255.275
NM,2017,6,Toyota,Sorento,Truck,26368,29718,Sun Jun 25,255.275
NM,2017,6,Audi,A4,SUV,35312,42029,Mon Jun 18,255.275
NM,2017,6,Kia,Camry,Coupe,34136,22661,Fri Jun 2,255.275
NM,2017,6,Kia,Silverado,Truck,42126,27140,Fri Jun 14,255.275
NM,2017,7,Ford,A4,Coupe,20570,24134,Tue Jul 15,256.023
NM,2017,7,Toyota,F-150,Sedan,62061,19770,Sat Jul 18,256.023
NM,2017,7,BMW,Accord,Coupe,13134,44722,Thu Jul 11,256.023
NM,2017,7,Ford,Camry,Coupe,15020,24718,Fri Jul 26,256.023
NM,2017,7,Toyota,Accord,Coupe,70657,18866,Sun Jul 3,256.023
NM,2017,7,Ford,3 Series,Truck,74540,22986,Fri Jul 9,256.023
NM,2017,7,Chevrolet,3 Series,Sedan,35413,22573,Sun Jul 1,256.023
NM,2017,8,Kia,3 Series,Truck,47303,27744,Sat Aug 1,256.739
NM,2017,8,Toyota,3 Series,SUV,27978,26061,Fri Aug 1,256.739
NM,2017,8,BMW,Accord,SUV,24819,39957,Fri Aug 16,256.739
NM,2017,8,BMW,Silverado,Sedan,50438,32767,Sat Aug 19,256.739
NM,2017,8,Kia,F-150,Truck,27182,29296,Wed Aug 3,256.739
NM,2017,9,Ford,Accord,Coupe,49515,21197,Thu Sep 15,257.89
NM,2017,9,Toyota,Camry,Coupe,44179,21761,Wed Sep 15,257.89
NM,2017,9,Toyota,3 Series,Truck,37067,27041,Wed Sep 13,257.89
NM,2017,9,Audi,Sorento,Sedan,79639,27933,Sat Sep 24,257.89
NM,2017,9,Audi,Camry,Truck,63243,36657,Tue Sep 23,257.89
NM,2017,10,BMW,F-150,SUV,34546,50989,Fri Oct 26,258.883
NM,2017,10,Kia,Silverado,Coupe,31215,23194,Fri Oct 5,258.883
NM,2017,10,Chevrolet,F-150,Sedan,44787,21755,Thu Oct 3,258.883
NM,2017,10,Ford,Silverado,Coupe,49819,21221,Sat Oct 6,258.883
NM,2017,10,Honda,Silverado,Sedan,59615,20183,Tue Oct 23,258.883
NM,2017,11,Audi,A4,SUV,57090,35077,Sat Nov 15,259.135
NM,2017,11,Audi,Sorento,Truck,21051,46129,Wed Nov 20,259.135
NM,2017,11,Toyota,Camry,Coupe,61528,19994,Tue Nov 3,259.135
NM,2017,11,Toyota,Accord,SUV,6274,31961,Wed Nov 17,259.135
NM,2017,11,Chevrolet,Accord,Sedan,45367,21708,Sun Nov 11,259.135
NM,2017,11,Honda,3 Series,SUV,41517,24860,Sat Nov 20,259.135
NM,2017,11,Toyota,F-150,SUV,60670,24372,Mon Nov 14,259.135
NM,2017,12,BMW,Camry,Coupe,63058,28726,Sat Dec 25,259.22
NM,2017,12,Audi,3 Series,Sedan,79302,25762,Tue Dec 27,259.22
NM,2017,12,Chevrolet,Accord,Coupe,27140,23647,Wed Dec 18,259.22
NM,2017,12,Chevrolet,A4,SUV,62617,23935,Tue Dec 4,259.22
NM,2017,12,Chevrolet,Camry,Truck,24577,30230,Sat Dec 20,259.22
NM,2018,1,Kia,Accord,SUV,67135,21915,Mon Jan 5,261.235
NM,2018,1,BMW,Camry,Sedan,8295,43922,Fri Jan 16,261.235
NM,2018,1,BMW,A4,Sedan,37245,32354,Fri Jan 13,261.235
NM,2018,1,Audi,3 Series,SUV,64993,41525,Fri Jan 1,261.235
NM,2018,1,Audi,Sorento,Truck,56169,43911,Fri Jan 10,261.235
NM,2018,1,Toyota,A4,Coupe,70037,19199,Tue Jan 20,261.235
NM,2018,2,Audi,Accord,Sedan,26486,42586,Fri Feb 25,263.012
NM,2018,2,Honda,Accord,SUV,65987,24852,Sat Feb 22,263.012
NM,2018,2,Kia,Accord,SUV,6328,29832,Thu Feb 10,263.012
NM,2018,2,Audi,Silverado,SUV,16720,54682,Mon Feb 14,263.012
NM,2018,2,Honda,Accord,Coupe,15118,25177,Mon Feb 3,263.012
NM,2018,2,Chevrolet,Accord,Coupe,42164,22278,Wed Feb 15,263.012
NM,2018,3,Audi,Accord,Coupe,40715,35218,Wed Mar 3,264.158
NM,2018,3,BMW,A4,Sedan,48300,31890,Thu Mar 8,264.158
NM,2018,3,Chevrolet,A4,Coupe,40984,22473,Tue Mar 24,264.158
NM,2018,3,Ford,F-150,SUV,38462,28117,Tue Mar 16,264.158
NM,2018,3,Kia,3 Series,SUV,64733,22615,Sat Mar 12,264.158
NM,2018,3,Kia,3 Series,SUV,53828,26961,Mon Mar 20,264.158
NM,2018,4,BMW,3 Series,Truck,14541,51364,Mon Apr 2,265.095
NM,2018,4,Audi,A4,Truck,38215,49868,Mon Apr 1,265.095
NM,2018,4,Honda,A4,Truck,54528,24717,Tue Apr 15,265.095
NM,2018,4,Chevrolet,A4,Coupe,53142,21219,Thu Apr 18,265.095
NM,2018,5,BMW,A4,Coupe,25102,39787,Mon May 13,266.148
NM,2018,5,Honda,Accord,SUV,40114,28599,Mon May 11,266.148
NM,2018,5,Chevrolet,Camry,Truck,8784,32329,Fri May 13,266.148
NM,2018,5,Kia,Sorento,Truck,45586,25646,Tue May 15,266.148
NM,2018,5,Audi,Accord,Coupe,56908,33289,Fri May 10,266.148
NM,2018,5,BMW,3 Series,Truck,7966,45348,Mon May 21,266.148
NM,2018,6,Audi,F-150,Sedan,43115,31674,Thu Jun 26,265.522
NM,2018,6,Chevrolet,3 Series,Sedan,6405,26286,Wed Jun 10,265.522
NM,2018,6,Toyota,Accord,Truck,49108,27735,Sun Jun 23,265.522
NM,2018,6,Toyota,Sorento,Coupe,21717,24634,Thu Jun 20,265.522
NM,2018,6,Ford,Accord,Sedan,79054,18447,Fri Jun 21,265.522
NM,2018,6,Chevrolet,Silverado,SUV,16811,29608,Sat Jun 20,265.522
NM,2018,6,Audi,F-150,Truck,69884,34500,Thu Jun 6,265.522
NM,2018,7,BMW,F-150,Sedan,65349,32449,Tue Jul 3,266.007
NM,2018,7,Kia,3 Series,Coupe,7574,26193,Fri Jul 6,266.007
NM,2018,7,Toyota,Accord,Sedan,6364,26324,Sun Jul 1,266.007
NM,2018,7,Kia,F-150,SUV,52965,24300,Thu Jul 4,266.007
NM,2018,7,Kia,F-150,SUV,63163,25531,Fri Jul 6,266.007
NM,2018,7,Chevrolet,Silverado,Coupe,6921,26264,Sun Jul 18,266.007
NM,2018,8,Toyota,Silverado,Coupe,50827,21558,Fri Aug 16,266.665
NM,2018,8,Kia,Accord,Truck,51451,25066,Sun Aug 18,266.665
NM,2018,8,BMW,Sorento,SUV,40048,45728,Thu Aug 20,266.665
NM,2018,8,Audi,3 Series,SUV,65398,38272,Thu Aug 12,266.665
NM,2018,8,Chevrolet,3 Series,Coupe,22730,24599,Sat Aug 23,266.665
NM,2018,9,Kia,Accord,Coupe,49284,21803,Fri Sep 23,268.032
NM,2018,9,Honda,Accord,Truck,74081,24457,Tue Sep 6,268.032
NM,2018,9,Kia,Accord,Coupe,65357,20057,Fri Sep 10,268.032
NM,2018,9,Honda,A4,Truck,43567,27129,Wed Sep 6,268.032
NM,2018,9,Chevrolet,F-150,Sedan,55339,21145,Thu Sep 9,268.032
NM,2018,9,Ford,Accord,SUV,15961,29889,Sat Sep 22,268.032
NM,2018,10,Kia,Silverado,Truck,72286,24259,Thu Oct 15,269.482
NM,2018,10,Chevrolet,A4,Truck,63967,22582,Tue Oct 19,269.482
NM,2018,10,BMW,Camry,Truck,29437,46722,Wed Oct 9,269.482
NM,2018,10,Audi,A4,Coupe,6794,39507,Tue Oct 6,269.482
NM,2018,10,Ford,F-150,Truck,50158,23974,Thu Oct 25,269.482
NM,2018,10,Chevrolet,A4,Coupe,59108,20815,Mon Oct 18,269.482
NM,2018,11,Ford,Camry,Sedan,23502,24638,Mon Nov 22,268.56
NM,2018,11,BMW,A4,Coupe,28676,34071,Tue Nov 21,268.56
NM,2018,11,Toyota,F-150,SUV,6596,29531,Sat Nov 21,268.56
NM,2018,12,Chevrolet,Silverado,SUV,79902,21605,Wed Dec 8,267.631
NM,2018,12,Chevrolet,Accord,SUV,40563,29469,Sun Dec 23,267.631
NM,2018,12,Honda,F-150,SUV,79090,20869,Wed Dec 17,267.631
NY,2014,1,BMW,F-150,Sedan,27258,52834,Thu Jan 25,259.596
NY,2014,1,Honda,3 Series,SUV,44523,31005,Sat Jan 4,259.596
NY,2014,1,Audi,3 Series,Coupe,13979,44635,Tue Jan 27,259.596
NY,2014,1,Honda,Silverado,Truck,6557,40813,Mon Jan 24,259.596
NY,2014,1,Audi,Silverado,Coupe,31123,48857,Wed Jan 20,259.596
NY,2014,2,Honda,F-150,Coupe,58887,25688,Tue Feb 17,259.019
NY,2014,2,Ford,A4,Truck,25199,34718,Tue Feb 14,259.019
NY,2014,2,BMW,Camry,SUV,5989,53652,Wed Feb 22,259.019
NY,2014,2,Audi,Silverado,SUV,63967,39575,Sat Feb 2,259.019
NY,2014,2,Honda,3 Series,Coupe,37419,28574,Sat Feb 2,259.019
NY,2014,2,Ford,3 Series,Coupe,37376,28580,Sat Feb 26,259.019
NY,2014,3,Toyota,Camry,SUV,69422,30794,Sun Mar 3,259.971
NY,2014,3,Kia,Camry,SUV,29028,36898,Sat Mar 14,259.971
NY,2014,3,Ford,Sorento,SUV,57925,33317,Wed Mar 24,259.971
NY,2014,3,Ford,F-150,Sedan,15867,31578,Sun Mar 27,259.971
NY,2014,4,Ford,Silverado,Truck,36751,31810,Sun Apr 16,259.985
NY,2014,4,Audi,3 Series,Sedan,60842,38202,Mon Apr 24,259.985
NY,2014,4,BMW,Camry,SUV,67288,51217,Wed Apr 25,259.985
NY,2014,4,Kia,A4,Truck,40856,32484,Tue Apr 11,259.985
NY,2014,5,Ford,Accord,SUV,71484,28411,Tue May 1,261.225
NY,2014,5,Honda,Silverado,Sedan,66015,24926,Sun May 13,261.225
NY,2014,5,Toyota,F-150,Sedan,21527,30953,Mon May 26,261.225
NY,2014,6,Honda,A4,Sedan,50081,27097,Tue Jun 3,261.35
NY,2014,6,Toyota,Camry,Coupe,15215,31822,Wed Jun 17,261.35
NY,2014,6,Audi,A4,Sedan,8203,56861,Wed Jun 26,261.35
NY,2014,7,Audi,Silverado,Truck,62387,46743,Thu Jul 6,261.498
NY,2014,7,BMW,Silverado,Truck,55894,47738,Tue Jul 8,261.498
NY,2014,7,BMW,Camry,SUV,43603,57666,Tue Jul 5,261.498
NY,2014,7,Honda,F-150,Coupe,63148,25339,Thu Jul 10,261.498
NY,2014,7,Toyota,F-150,Truck,77202,29309,Sat Jul 11,261.498
NY,2014,7,Chevrolet,A4,Sedan,64242,25190,Sun Jul 2,261.498
NY,2014,7,Audi,Sorento,Truck,27642,56554,Tue Jul 18,261.498
NY,2014,8,Honda,Sorento,SUV,19865,39351,Wed Aug 4,261.075
NY,2014,8,Kia,Sorento,SUV,23767,34594,Tue Aug 19,261.075
NY,2014,8,Chevrolet,Camry,SUV,28193,35560,Sun Aug 13,261.075
NY,2014,8,Ford,Silverado,Truck,30134,33200,Sat Aug 26,261.075
NY,2014,8,Chevrolet,Camry,Sedan,76573,23483,Tue Aug 27,261.075
NY,2014,8,Chevrolet,Silverado,Sedan,30414,29733,Wed Aug 19,261.075
NY,2014,9,Chevrolet,Silverado,Sedan,17071,31540,Fri Sep 4,261.074
NY,2014,9,Kia,Camry,Coupe,60153,25706,Wed Sep 16,261.074
NY,2014,9,Honda,Camry,Truck,53358,31850,Fri Sep 8,261.074
NY,2014,9,Honda,F-150,Truck,49311,34224,Tue Sep 3,261.074
NY,2014,9,Honda,Camry,Truck,46315,34911,Thu Sep 8,261.074
NY,2014,10,Kia,Silverado,Coupe,62752,25302,Thu Oct 10,260.5
NY,2014,10,Toyota,Accord,Sedan,40073,28367,Fri Oct 19,260.5
NY,2014,10,Ford,Camry,Truck,60356,31181,Tue Oct 1,260.5
NY,2014,10,Toyota,A4,Coupe,45196,27675,Wed Oct 9,260.5
NY,2014,11,Audi,Sorento,Coupe,57969,45854,Sat Nov 7,259.382
NY,2014,11,Ford,Camry,Sedan,68872,24378,Mon Nov 6,259.382
NY,2014,11,Ford,F-150,Truck,69992,30789,Wed Nov 20,259.382
NY,2014,11,Ford,F-150,Coupe,41656,28041,Fri Nov 8,259.382
NY,2014,11,Honda,3 Series,Coupe,28928,29754,Sun Nov 14,259.382
NY,2014,11,Honda,Sorento,Sedan,31615,29392,Mon Nov 9,259.382
NY,2014,12,Kia,3 Series,Sedan,72684,23754,Fri Dec 6,258.08
NY,2014,12,Chevrolet,A4,SUV,52370,34233,Sat Dec 27,258.08
NY,2014,12,Chevrolet,Silverado,Sedan,77488,23110,Fri Dec 10,258.08
NY,2014,12,Ford,Camry,Truck,42846,31232,Wed Dec 8,258.08
NY,2014,12,Ford,A4,Sedan,17756,31112,Thu Dec 24,258.08
NY,2014,12,Toyota,3 Series,Truck,33745,37372,Sat Dec 7,258.08
NY,2014,12,Kia,3 Series,Truck,22258,37081,Tue Dec 12,258.08
NY,2015,1,Chevrolet,Camry,Coupe,69722,24176,Mon Jan 5,258.376
NY,2015,1,Audi,A4,SUV,11735,59295,Mon Jan 5,258.376
NY,2015,1,Honda,3 Series,Coupe,73630,23652,Tue Jan 25,258.376
NY,2015,2,Ford,Camry,Coupe,6926,32699,Fri Feb 12,259.24
NY,2015,2,Audi,Camry,Truck,21880,65486,Thu Feb 2,259.24
NY,2015,2,Ford,Silverado,Truck,77133,29046,Mon Feb 6,259.24
NY,2015,2,Kia,F-150,Truck,77562,28740,Tue Feb 26,259.24
NY,2015,2,Audi,Sorento,Truck,67007,42922,Tue Feb 15,259.24
NY,2015,2,BMW,Accord,Sedan,15117,53618,Fri Feb 23,259.24
NY,2015,3,Ford,F-150,Sedan,28762,29805,Sat Mar 22,259.647
NY,2015,3,Audi,Camry,Sedan,9847,49839,Mon Mar 15,259.647
NY,2015,3,Honda,Silverado,Coupe,41264,28120,Thu Mar 25,259.647
NY,2015,3,Honda,Silverado,SUV,21461,34798,Fri Mar 9,259.647
NY,2015,4,Audi,3 Series,Sedan,45431,47712,Fri Apr 9,259.959
NY,2015,4,BMW,F-150,Coupe,8537,49526,Mon Apr 13,259.959
NY,2015,4,Audi,Silverado,Truck,77697,45646,Tue Apr 26,259.959
NY,2015,4,Toyota,Sorento,Coupe,29265,29770,Mon Apr 21,259.959
NY,2015,5,Honda,3 Series,Coupe,30528,29717,Sat May 8,261.066
NY,2015,5,Honda,Camry,Truck,10214,37388,Wed May 18,261.066
NY,2015,5,Kia,Camry,Coupe,79343,23107,Wed May 15,261.066
NY,2015,5,Audi,F-150,Truck,46499,53530,Thu May 6,261.066
NY,2015,5,Honda,F-150,SUV,63017,28041,Tue May 26,261.066
NY,2015,5,Audi,Camry,SUV,49827,51942,Thu May 8,261.066
NY,2015,6,BMW,Silverado,Coupe,35660,44577,Thu Jun 5,261.512
NY,2015,6,Honda,Accord,SUV,15758,37753,Thu Jun 20,261.512
NY,2015,6,Toyota,A4,Sedan,79618,23106,Tue Jun 21,261.512
NY,2015,6,Audi,Sorento,Coupe,9050,57981,Thu Jun 4,261.512
NY,2015,6,Audi,3 Series,Truck,33642,57255,Fri Jun 8,261.512
NY,2015,7,Kia,Accord,Sedan,60704,25643,Tue Jul 3,261.199
NY,2015,7,Toyota,F-150,SUV,44108,33127,Sat Jul 11,261.199
NY,2015,7,Chevrolet,3 Series,Truck,16179,37429,Tue Jul 26,261.199
NY,2015,7,Ford,Sorento,Sedan,17904,31441,Wed Jul 7,261.199
NY,2015,7,Honda,F-150,SUV,10460,36523,Wed Jul 2,261.199
NY,2015,7,Chevrolet,A4,Sedan,60643,25651,Tue Jul 1,261.199
NY,2015,7,Toyota,F-150,SUV,36571,34682,Fri Jul 11,261.199
NY,2015,8,BMW,Accord,Sedan,51359,38514,Tue Aug 5,261.347
NY,2015,8,Audi,A4,Coupe,37837,44127,Sat Aug 9,261.347
NY,2015,8,Audi,Accord,SUV,36490,62676,Sun Aug 14,261.347
NY,2015,9,Kia,A4,Coupe,62131,25512,Tue Sep 26,261.887
NY,2015,9,Audi,A4,Coupe,17244,48122,Sat Sep 18,261.887
NY,2015,9,Ford,3 Series,Sedan,51411,26968,Mon Sep 23,261.887
NY,2015,9,Chevrolet,A4,Coupe,66753,24884,Mon Sep 24,261.887
NY,2015,9,Audi,Accord,Truck,12885,60085,Tue Sep 19,261.887
NY,2015,9,Ford,F-150,Truck,33453,36902,Mon Sep 13,261.887
NY,2015,9,Kia,A4,Sedan,54294,26576,Sat Sep 7,261.887
NY,2015,10,Audi,A4,Truck,50836,50796,Sat Oct 3,261.515
NY,2015,10,Toyota,F-150,Sedan,29143,29952,Thu Oct 26,261.515
NY,2015,10,Honda,Sorento,Sedan,47921,27405,Sat Oct 13,261.515
NY,2015,10,BMW,Sorento,Truck,41713,62126,Wed Oct 27,261.515
NY,2015,10,Kia,F-150,Coupe,24978,30517,Tue Oct 13,261.515
NY,2015,10,Audi,Silverado,SUV,25283,54888,Thu Oct 2,261.515
NY,2015,10,Chevrolet,F-150,SUV,41658,34733,Thu Oct 2,261.515
NY,2015,11,Toyota,Accord,Sedan,44594,27807,Sat Nov 14,261.009
NY,2015,11,Honda,Camry,SUV,32838,38077,Fri Nov 2,261.009
NY,2015,11,Audi,Camry,SUV,77733,46260,Fri Nov 19,261.009
NY,2015,11,Ford,Camry,Truck,50615,34184,Fri Nov 13,261.009
NY,2015,11,Kia,3 Series,Sedan,71864,24115,Tue Nov 5,261.009
NY,2015,11,Honda,Accord,Truck,39379,35968,Mon Nov 13,261.009
NY,2015,11,Toyota,Silverado,Sedan,63416,25259,Tue Nov 16,261.009
NY,2015,12,Kia,3 Series,Truck,69715,27837,Fri Dec 20,259.941
NY,2015,12,Kia,F-150,Truck,53183,30380,Mon Dec 13,259.941
NY,2015,12,Audi,3 Series,SUV,79847,44021,Thu Dec 12,259.941
NY,2015,12,Chevrolet,F-150,SUV,9797,40266,Sat Dec 26,259.941
NY,2015,12,Audi,Sorento,Coupe,22539,50629,Mon Dec 6,259.941
NY,2016,1,Ford,Sorento,SUV,16842,39705,Wed Jan 12,260.342
NY,2016,1,Audi,3 Series,SUV,44211,60132,Wed Jan 2,260.342
NY,2016,1,Ford,3 Series,Coupe,77014,23362,Mon Jan 16,260.342
NY,2016,1,Honda,Sorento,Sedan,38185,28606,Wed Jan 18,260.342
NY,2016,1,Kia,A4,Sedan,10148,32392,Wed Jan 27,260.342
NY,2016,2,Honda,A4,Truck,34784,35876,Mon Feb 1,260.875
NY,2016,2,Honda,A4,Truck,6910,39991,Tue Feb 27,260.875
NY,2016,2,Ford,A4,SUV,40286,31936,Tue Feb 22,260.875
NY,2016,2,BMW,Sorento,SUV,31322,55284,Thu Feb 22,260.875
NY,2016,2,Ford,Camry,Sedan,74839,23701,Mon Feb 1,260.875
NY,2016,2,Toyota,F-150,SUV,62166,28337,Wed Feb 20,260.875
NY,2016,2,Kia,A4,Coupe,25097,30431,Sun Feb 11,260.875
NY,2016,3,Toyota,Accord,SUV,48441,32652,Sun Mar 25,261.508
NY,2016,3,BMW,Accord,Coupe,5832,57849,Sat Mar 27,261.508
NY,2016,3,Chevrolet,F-150,SUV,55282,32060,Thu Mar 6,261.508
NY,2016,4,Audi,Camry,Sedan,37080,46056,Mon Apr 4,262.619
NY,2016,4,Kia,F-150,SUV,50220,34343,Mon Apr 21,262.619
NY,2016,4,Chevrolet,F-150,Coupe,37878,28880,Tue Apr 7,262.619
NY,2016,4,Audi,Accord,Sedan,61237,39101,Wed Apr 9,262.619
NY,2016,4,Kia,3 Series,Truck,36683,35712,Fri Apr 12,262.619
NY,2016,4,Kia,Sorento,Truck,76629,30240,Thu Apr 24,262.619
NY,2016,4,Chevrolet,F-150,Sedan,38589,28783,Wed Apr 26,262.619
NY,2016,5,BMW,3 Series,Truck,6652,68606,Mon May 14,263.312
NY,2016,5,Chevrolet,Accord,Sedan,76583,23669,Tue May 4,263.312
NY,2016,5,Audi,Camry,Coupe,48561,39197,Tue May 11,263.312
NY,2016,5,BMW,Camry,SUV,67571,50239,Wed May 19,263.312
NY,2016,5,Kia,Sorento,SUV,51288,34264,Sat May 14,263.312
NY,2016,5,Kia,Silverado,Truck,20180,35557,Tue May 24,263.312
NY,2016,5,BMW,Silverado,SUV,55580,51260,Thu May 21,263.312
NY,2016,6,Honda,Accord,Coupe,75741,23831,Mon Jun 16,263.877
NY,2016,6,Toyota,Sorento,SUV,7582,39375,Thu Jun 22,263.877
NY,2016,6,Honda,F-150,Truck,39181,33591,Sat Jun 25,263.877
NY,2016,7,Kia,Accord,Truck,25343,39794,Fri Jul 23,263.722
NY,2016,7,Honda,A4,Sedan,51044,27193,Wed Jul 22,263.722
NY,2016,7,Ford,Silverado,SUV,70094,31245,Thu Jul 10,263.722
NY,2016,7,Chevrolet,Camry,SUV,24443,36389,Thu Jul 3,263.722
NY,2016,7,BMW,A4,Coupe,45200,46580,Thu Jul 3,263.722
NY,2016,7,Honda,Accord,SUV,30956,36635,Tue Jul 5,263.722
NY,2016,8,Ford,A4,Truck,30735,35816,Wed Aug 22,264.16
NY,2016,8,Chevrolet,A4,SUV,48125,31204,Mon Aug 12,264.16
NY,2016,8,Honda,3 Series,SUV,65662,29018,Wed Aug 1,264.16
NY,2016,8,Chevrolet,3 Series,Coupe,75172,23933,Mon Aug 12,264.16
NY,2016,8,Audi,Accord,Coupe,14278,56041,Thu Aug 24,264.16
NY,2016,8,Toyota,3 Series,Sedan,38153,29000,Sun Aug 7,264.16
NY,2016,8,Kia,Sorento,Truck,49081,32948,Fri Aug 11,264.16
NY,2016,9,Honda,Accord,Truck,24168,34580,Wed Sep 15,264.602
NY,2016,9,Chevrolet,F-150,SUV,48145,32101,Sat Sep 18,264.602
NY,2016,9,Chevrolet,3 Series,Coupe,71549,24466,Tue Sep 13,264.602
NY,2016,9,Ford,Sorento,Coupe,24036,30981,Sun Sep 25,264.602
NY,2016,9,Ford,Accord,Coupe,7421,33259,Sat Sep 17,264.602
NY,2016,10,Toyota,Silverado,Coupe,66728,25139,Tue Oct 16,264.738
NY,2016,10,Chevrolet,A4,Truck,75855,30109,Mon Oct 5,264.738
NY,2016,10,Honda,Accord,SUV,28064,33835,Fri Oct 13,264.738
NY,2016,11,Kia,A4,Truck,16282,38885,Tue Nov 25,265.203
NY,2016,11,Ford,F-150,Truck,70437,28775,Mon Nov 27,265.203
NY,2016,11,Toyota,A4,SUV,46406,31972,Wed Nov 10,265.203
NY,2016,12,BMW,Sorento,SUV,20605,64220,Sat Dec 9,265.421
NY,2016,12,Toyota,F-150,Sedan,59875,26142,Fri Dec 3,265.421
NY,2016,12,BMW,Camry,SUV,14327,64012,Sun Dec 21,265.421
NY,2016,12,Kia,A4,Coupe,70801,24640,Sun Dec 8,265.421
NY,2017,1,Toyota,Silverado,Sedan,24766,31132,Sat Jan 2,266.917
NY,2017,1,BMW,F-150,SUV,74132,44183,Mon Jan 9,266.917
NY,2017,1,BMW,3 Series,Coupe,30975,46501,Thu Jan 16,266.917
NY,2017,1,Toyota,Sorento,Coupe,8031,33445,Tue Jan 1,266.917
NY,2017,2,Kia,3 Series,Truck,45917,32605,Tue Feb 4,267.662
NY,2017,2,Honda,A4,Sedan,47486,28064,Tue Feb 7,267.662
NY,2017,2,Kia,A4,Truck,62502,30032,Tue Feb 13,267.662
NY,2017,2,Kia,3 Series,SUV,16044,37241,Sat Feb 10,267.662
NY,2017,2,Chevrolet,A4,Sedan,24755,31214,Wed Feb 20,267.662
NY,2017,2,Honda,Accord,SUV,39559,36352,Sat Feb 14,267.662
NY,2017,3,Kia,3 Series,Sedan,64956,25636,Fri Mar 11,267.582
NY,2017,3,BMW,A4,Coupe,31104,43604,Mon Mar 9,267.582
NY,2017,3,Kia,A4,Sedan,36787,29539,Mon Mar 4,267.582
NY,2017,3,Honda,Accord,Sedan,68452,25152,Fri Mar 26,267.582
NY,2017,4,Kia,Camry,Sedan,62327,26033,Mon Apr 21,267.948
NY,2017,4,Toyota,Sorento,Truck,17291,36822,Mon Apr 25,267.948
NY,2017,4,Ford,F-150,Coupe,40616,29045,Sat Apr 7,267.948
NY,2017,4,Honda,3 Series,Truck,67804,30197,Thu Apr 7,267.948
NY,2017,4,BMW,Sorento,Coupe,43637,40834,Thu Apr 5,267.948
NY,2017,4,Audi,Camry,Truck,39626,49734,Mon Apr 3,267.948
NY,2017,5,Toyota,F-150,SUV,13681,41986,Thu May 13,268.183
NY,2017,5,Audi,F-150,Coupe,12080,50945,Sat May 25,268.183
NY,2017,5,Ford,Silverado,SUV,16581,40156,Mon May 15,268.183
NY,2017,5,Honda,Accord,Coupe,61184,26213,Sun May 19,268.183
NY,2017,5,Ford,Accord,Sedan,43951,28606,Wed May 6,268.183
NY,2017,5,BMW,F-150,Truck,34371,54981,Sat May 12,268.183
NY,2017,6,Kia,Camry,Sedan,56621,26892,Sun Jun 14,268.666
NY,2017,6,BMW,3 Series,Sedan,70013,43634,Thu Jun 19,268.666
NY,2017,6,Ford,Accord,SUV,55009,30238,Fri Jun 18,268.666
NY,2017,6,BMW,3 Series,Coupe,55578,42227,Fri Jun 19,268.666
NY,2017,6,Toyota,3 Series,Coupe,69262,25134,Mon Jun 9,268.666
NY,2017,6,Ford,Silverado,Truck,27747,39221,Mon Jun 3,268.666
NY,2017,7,BMW,F-150,Sedan,72185,38847,Sat Jul 6,268.051
NY,2017,7,Audi,A4,Coupe,46007,39735,Tue Jul 18,268.051
NY,2017,7,Kia,3 Series,Sedan,20721,31816,Wed Jul 6,268.051
NY,2017,7,BMW,Camry,Coupe,23440,50964,Wed Jul 21,268.051
NY,2017,7,Chevrolet,F-150,SUV,69888,29483,Wed Jul 2,268.051
NY,2017,7,BMW,A4,SUV,38824,61192,Mon Jul 23,268.051
NY,2017,8,Kia,Silverado,Coupe,19652,32032,Sun Aug 2,268.657
NY,2017,8,Ford,Silverado,Truck,49686,36071,Wed Aug 7,268.657
NY,2017,8,Ford,Camry,SUV,67008,28989,Sat Aug 14,268.657
NY,2017,8,Toyota,Camry,SUV,13159,40557,Sun Aug 21,268.657
NY,2017,8,Audi,F-150,Coupe,48129,48187,Fri Aug 22,268.657
NY,2017,8,Honda,Sorento,SUV,62861,32620,Fri Aug 18,268.657
NY,2017,8,Audi,A4,Truck,65757,47438,Thu Aug 27,268.657
NY,2017,9,Chevrolet,F-150,Coupe,35381,29990,Sun Sep 8,270.059
NY,2017,9,Kia,A4,Sedan,35920,29914,Sun Sep 21,270.059
NY,2017,9,Chevrolet,Camry,SUV,39581,32708,Fri Sep 10,270.059
NY,2017,10,Audi,Accord,Sedan,74294,38730,Fri Oct 22,269.575
NY,2017,10,BMW,Sorento,Coupe,65184,40205,Sun Oct 3,269.575
NY,2017,10,Toyota,3 Series,Sedan,68695,25292,Wed Oct 3,269.575
NY,2017,10,Honda,A4,Truck,9516,40383,Sun Oct 2,269.575
NY,2017,11,Ford,Sorento,Sedan,22082,31774,Thu Nov 17,269.381
NY,2017,11,Honda,A4,Coupe,14489,32832,Tue Nov 13,269.381
NY,2017,11,Honda,F-150,Coupe,18357,32293,Sun Nov 2,269.381
NY,2017,11,BMW,Accord,Truck,38902,59908,Wed Nov 22,269.381
NY,2017,12,Chevrolet,3 Series,Coupe,21999,31805,Wed Dec 4,269.564
NY,2017,12,Ford,Accord,Truck,20198,36173,Mon Dec 14,269.564
NY,2017,12,Audi,Camry,Sedan,72564,37307,Sat Dec 15,269.564
NY,2017,12,Chevrolet,3 Series,Truck,61210,33003,Wed Dec 19,269.564
NY,2017,12,Toyota,F-150,SUV,23110,38450,Sun Dec 24,269.564
NY,2018,1,Audi,Sorento,Sedan,53363,40432,Wed Jan 17,270.771
NY,2018,1,BMW,F-150,Truck,9756,54806,Thu Jan 7,270.771
NY,2018,1,Audi,Camry,SUV,55666,45929,Fri Jan 20,270.771
NY,2018,2,Toyota,Camry,Coupe,68098,25607,Wed Feb 23,272.214
NY,2018,2,BMW,Camry,SUV,27705,67788,Tue Feb 8,272.214
NY,2018,2,Kia,Camry,Coupe,17345,32752,Sun Feb 19,272.214
NY,2018,2,Chevrolet,3 Series,SUV,7169,42051,Thu Feb 18,272.214
NY,2018,2,Chevrolet,3 Series,Truck,45712,34041,Thu Feb 10,272.214
NY,2018,2,Kia,Silverado,Coupe,6815,34234,Tue Feb 24,272.214
NY,2018,3,Kia,Camry,SUV,46708,36163,Wed Mar 3,272.196
NY,2018,3,Honda,Silverado,Coupe,37232,29950,Wed Mar 18,272.196
NY,2018,3,Honda,Sorento,Coupe,16539,32863,Sun Mar 4,272.196
NY,2018,3,Ford,Camry,Coupe,70833,25220,Sat Mar 18,272.196
NY,2018,3,Kia,Camry,Sedan,7073,34195,Wed Mar 24,272.196
NY,2018,3,BMW,A4,Truck,44560,52542,Mon Mar 24,272.196
NY,2018,4,BMW,Sorento,SUV,62607,54060,Tue Apr 16,272.95
NY,2018,4,Honda,Accord,SUV,21321,36773,Fri Apr 20,272.95
NY,2018,4,Toyota,F-150,SUV,33411,38870,Sun Apr 24,272.95
NY,2018,4,Toyota,A4,Truck,61585,32775,Mon Apr 6,272.95
NY,2018,5,BMW,Silverado,SUV,7326,67272,Tue May 21,274.001
NY,2018,5,Chevrolet,Camry,SUV,72234,29933,Tue May 25,274.001
NY,2018,5,Honda,3 Series,Truck,39708,33071,Mon May 27,274.001
NY,2018,5,Chevrolet,Sorento,Truck,14621,38438,Sun May 20,274.001
NY,2018,6,Kia,A4,SUV,69054,32394,Sun Jun 1,274.17
NY,2018,6,Ford,Sorento,Coupe,24667,31933,Sun Jun 9,274.17
NY,2018,6,BMW,Camry,SUV,54221,59510,Fri Jun 18,274.17
NY,2018,7,Ford,A4,Truck,43843,37428,Sun Jul 13,274.073
NY,2018,7,Toyota,F-150,Truck,30547,39586,Mon Jul 11,274.073
NY,2018,7,BMW,F-150,Coupe,57955,39190,Fri Jul 11,274.073
NY,2018,7,BMW,Silverado,Sedan,37430,50278,Sat Jul 22,274.073
NY,2018,7,BMW,A4,Coupe,5537,58284,Sun Jul 8,274.073
NY,2018,8,Ford,Accord,Coupe,78723,24295,Tue Aug 4,274.441
NY,2018,8,Audi,Silverado,SUV,40149,60496,Fri Aug 25,274.441
NY,2018,8,Toyota,A4,Sedan,26954,31638,Wed Aug 4,274.441
NY,2018,8,Audi,A4,Truck,65360,52932,Thu Aug 10,274.441
NY,2018,8,Toyota,3 Series,Truck,72671,28622,Sun Aug 25,274.441
NY,2018,8,Kia,Sorento,SUV,55604,33586,Thu Aug 16,274.441
NY,2018,9,Ford,A4,Coupe,68735,25800,Mon Sep 21,275.455
NY,2018,9,Kia,Silverado,SUV,68183,29885,Thu Sep 9,275.455
NY,2018,9,BMW,Camry,Coupe,39407,42592,Sat Sep 1,275.455
NY,2018,9,Ford,Sorento,Truck,6050,44313,Mon Sep 17,275.455
NY,2018,9,Chevrolet,A4,Sedan,37470,30250,Wed Sep 27,275.455
NY,2018,9,Audi,A4,Truck,66311,50369,Thu Sep 21,275.455
NY,2018,10,BMW,Silverado,Sedan,12041,56239,Thu Oct 24,275.101
NY,2018,10,Toyota,Silverado,Sedan,56084,27568,Sat Oct 20,275.101
NY,2018,10,Honda,Accord,SUV,72186,29778,Wed Oct 4,275.101
NY,2018,11,Ford,F-150,Coupe,77822,24426,Mon Nov 6,274.478
NY,2018,11,Chevrolet,F-150,Sedan,13001,33622,Sun Nov 21,274.478
NY,2018,11,Audi,Camry,Sedan,60548,46918,Fri Nov 11,274.478
NY,2018,11,Honda,Silverado,Coupe,13931,33490,Fri Nov 8,274.478
NY,2018,11,Chevrolet,Accord,Truck,27357,38745,Fri Nov 8,274.478
NY,2018,11,Kia,Camry,Sedan,24394,32005,Thu Nov 25,274.478
NY,2018,11,BMW,A4,Truck,72736,44653,Thu Nov 4,274.478
NY,2018,12,Kia,F-150,Truck,15496,38476,Mon Dec 9,273.836
NY,2018,12,Kia,Accord,Coupe,43140,29282,Thu Dec 2,273.836
NY,2018,12,Audi,Camry,Truck,51725,58808,Thu Dec 4,273.836
NY,2018,12,Kia,3 Series,Sedan,39185,29842,Thu Dec 26,273.836
NY,2018,12,Audi,Sorento,SUV,43409,47683,Sun Dec 26,273.836
NY,2018,12,Ford,A4,Truck,68965,29877,Mon Dec 14,273.836
